"","x"
"1","Abutilon_fruticosum"
"2","Acacia_mearnsii"
"3","Acaena_poeppigiana"
"4","Acalypha_angustata"
"5","Acalypha_gracilens"
"6","Acalypha_virginica"
"7","Acer_pseudoplatanus"
"8","Acer_rubrum"
"9","Acer_saccharum"
"10","Achillea_asiatica"
"11","Achillea_millefolium"
"12","Acicarpha_tribuloides"
"13","Acis_trichophylla"
"14","Acmella_alpestris"
"15","Acmella_oppositifolia"
"16","Aconitum_hemsleyanum"
"17","Adenophora_capillaris"
"18","Adenophora_stenanthina"
"19","Adenophora_stricta"
"20","Adesmia_lotoides"
"21","Adonis_dentata"
"22","Aegilops_geniculata"
"23","Aeschynomene_indica"
"24","Agathisanthemum_chlorophyllum"
"25","Agrimonia_eupatoria"
"26","Agrimonia_pilosa"
"27","Agropyron_cristatum"
"28","Agrostis_capillaris"
"29","Agrostis_gigantea"
"30","Agrostis_scabra"
"31","Agrostis_stolonifera"
"32","Ailanthus_altissima"
"33","Aira_caryophyllea"
"34","Aira_elegantissima"
"35","Ajuga_reptans"
"36","Albuca_setosa"
"37","Alliaria_petiolata"
"38","Allionia_incarnata"
"39","Allium_bidentatum"
"40","Allium_ramosum"
"41","Allium_senescens"
"42","Allium_tenuissimum"
"43","Allium_vineale"
"44","Alloteropsis_cimicina"
"45","Alopecurus_aequalis"
"46","Alopecurus_pratensis"
"47","Alternanthera_philoxeroides"
"48","Amaranthus_hybridus"
"49","Amaranthus_retroflexus"
"50","Ambrosia_artemisiifolia"
"51","Ambrosia_psilostachya"
"52","Ambrosia_tenuifolia"
"53","Ambrosia_trifida"
"54","Amelanchier_laevis"
"55","Ammi_majus"
"56","Ampelodesmos_mauritanicus"
"57","Ampelopsis_glandulosa"
"58","Amphiachyris_dracunculoides"
"59","Amphicarpum_muehlenbergianum"
"60","Amsinckia_menziesii"
"61","Anacamptis_pyramidalis"
"62","Anagallis_arvensis"
"63","Anaphalis_margaritacea"
"64","Andropogon_gerardii"
"65","Andropogon_glomeratus"
"66","Andropogon_virginicus"
"67","Androstephium_breviflorum"
"68","Anemone_berlandieri"
"69","Anemone_nemorosa"
"70","Anisotome_aromatica"
"71","Anoda_cristata"
"72","Antennaria_neglecta"
"73","Antennaria_parlinii"
"74","Anthemis_pseudocotula"
"75","Anthoxanthum_odoratum"
"76","Anthyllis_montana"
"77","Aphanes_arvensis"
"78","Apocynum_androsaemifolium"
"79","Apocynum_cannabinum"
"80","Arabidella_nasturtium"
"81","Arabidopsis_thaliana"
"82","Arabis_divaricarpa"
"83","Araujia_sericifera"
"84","Arctium_minus"
"85","Arctium_tomentosum"
"86","Arctotheca_calendula"
"87","Arenaria_serpyllifolia"
"88","Argyrolobium_stipulaceum"
"89","Argyrolobium_zanonii"
"90","Aristida_junciformis"
"91","Aristida_purpurascens"
"92","Aristida_purpurea"
"93","Aristida_stricta"
"94","Arjona_tuberosa"
"95","Armeria_alpina"
"96","Armeria_maritima"
"97","Arnebia_decumbens"
"98","Arrhenatherum_elatius"
"99","Artemisia_absinthium"
"100","Artemisia_anethifolia"
"101","Artemisia_annua"
"102","Artemisia_argyi"
"103","Artemisia_biennis"
"104","Artemisia_campestris"
"105","Artemisia_carrulescens"
"106","Artemisia_dracunculus"
"107","Artemisia_eriopoda"
"108","Artemisia_frigida"
"109","Artemisia_ludoviciana"
"110","Artemisia_mongolica"
"111","Artemisia_pubescens"
"112","Artemisia_sieversiana"
"113","Artemisia_tanacetifolia"
"114","Artemisia_vulgaris"
"115","Asclepias_ovalifolia"
"116","Asclepias_sullivantii"
"117","Asclepias_syriaca"
"118","Asclepias_tuberosa"
"119","Asclepias_verticillata"
"120","Asclepias_viridiflora"
"121","Asclepias_viridis"
"122","Aster_squamatus"
"123","Astragalus_adsurgens"
"124","Astragalus_cretaceus"
"125","Astragalus_flexuosus"
"126","Astragalus_glycyphyllos"
"127","Astragalus_laxmannii"
"128","Astragalus_melilotoides"
"129","Astragalus_pelecinus"
"130","Astragalus_propinquus"
"131","Astrebla_lappacea"
"132","Atriplex_angulata"
"133","Avena_barbata"
"134","Avena_fatua"
"135","Avenula_pubescens"
"136","Axonopus_fissifolius"
"137","Axonopus_furcatus"
"138","Axyris_amaranthoides"
"139","Azadirachta_indica"
"140","Azorella_fuegiana"
"141","Azorella_monantha"
"142","Baccharis_glutinosa"
"143","Baccharis_halimifolia"
"144","Baptisia_alba"
"145","Baptisia_australis"
"146","Barbarea_vulgaris"
"147","Bassia_scoparia"
"148","Bellardia_trixago"
"149","Bellevalia_eigii"
"150","Bellis_perennis"
"151","Berkheya_setifera"
"152","Berkheya_umbellata"
"153","Berteroa_incana"
"154","Beta_macrocarpa"
"155","Beta_vulgaris"
"156","Betula_pendula"
"157","Bidens_mandonii"
"158","Bidens_pilosa"
"159","Bothriochloa_ischaemum"
"160","Bothriochloa_laguroides"
"161","Botrychium_dissectum"
"162","Botrychium_multifidum"
"163","Bouchetia_erecta"
"164","Bouteloua_curtipendula"
"165","Bouteloua_dactyloides"
"166","Bouteloua_gracilis"
"167","Bouteloua_rigidiseta"
"168","Bowlesia_incana"
"169","Brachiaria_serrata"
"170","Brachypodium_distachyon"
"171","Brachypodium_phoenicoides"
"172","Brachypodium_pinnatum"
"173","Brachypodium_sylvaticum"
"174","Brachyscome_ciliaris"
"175","Brachythecium_rutabulum"
"176","Brickellia_eupatorioides"
"177","Briza_maxima"
"178","Briza_media"
"179","Briza_minor"
"180","Bromus_arvensis"
"181","Bromus_catharticus"
"182","Bromus_commutatus"
"183","Bromus_diandrus"
"184","Bromus_erectus"
"185","Bromus_fasciculatus"
"186","Bromus_hordeaceus"
"187","Bromus_inermis"
"188","Bromus_japonicus"
"189","Bromus_madritensis"
"190","Bromus_racemosus"
"191","Bromus_scoparius"
"192","Bromus_setifolius"
"193","Bromus_sterilis"
"194","Bromus_tectorum"
"195","Buchloe_dactyloides"
"196","Buchnera_americana"
"197","Bupleurum_chinense"
"198","Bupleurum_scorzonerifolium"
"199","Bupleurum_smithii"
"200","Calamagrostis_epigejos"
"201","Calandrinia_ciliata"
"202","Calceolaria_uniflora"
"203","Calendula_arvensis"
"204","Callicarpa_americana"
"205","Callirhoe_involucrata"
"206","Calystegia_sepium"
"207","Camelina_microcarpa"
"208","Campanula_patula"
"209","Campanula_rapunculus"
"210","Campanula_scheuchzeri"
"211","Campsis_radicans"
"212","Cantinoa_mutabilis"
"213","Capsella_bursa-pastoris"
"214","Cardamine_pratensis"
"215","Carduus_acanthoides"
"216","Carduus_meonanthus"
"217","Carduus_nutans"
"218","Carduus_pycnocephalus"
"219","Carex_andina"
"220","Carex_aureolensis"
"221","Carex_austrina"
"222","Carex_breviculmis"
"223","Carex_brevior"
"224","Carex_capillaris"
"225","Carex_cherokeensis"
"226","Carex_digitata"
"227","Carex_divulsa"
"228","Carex_duriuscula"
"229","Carex_ferruginea"
"230","Carex_filifolia"
"231","Carex_flacca"
"232","Carex_flava"
"233","Carex_frankii"
"234","Carex_gravida"
"235","Carex_hirta"
"236","Carex_inops"
"237","Carex_korshinskyi"
"238","Carex_longii"
"239","Carex_muehlenbergii"
"240","Carex_nigra"
"241","Carex_pallescens"
"242","Carex_panicea"
"243","Carex_peckii"
"244","Carex_pediformis"
"245","Carex_pendula"
"246","Carex_sempervirens"
"247","Carex_tenera"
"248","Carex_tonsa"
"249","Carex_tribuloides"
"250","Carex_tristachya"
"251","Carex_umbrosa"
"252","Carex_vulpinoidea"
"253","Carlina_acanthifolia"
"254","Carphephorus_bellidifolius"
"255","Carphephorus_carphephorus"
"256","Carrichtera_annua"
"257","Carthamus_lanatus"
"258","Castilleja_attenuata"
"259","Catananche_caerulea"
"260","Cayaponia_citrullifolia"
"261","Celastrus_orbiculatus"
"262","Celmisia_gracilenta"
"263","Celtis_laevigata"
"264","Centaurea_americana"
"265","Centaurea_hyalolepis"
"266","Centaurea_jacea"
"267","Centaurea_melitensis"
"268","Centaurea_nigra"
"269","Centaurea_solstitialis"
"270","Centaurea_stoebe"
"271","Centaurium_erythraea"
"272","Centaurium_littorale"
"273","Centaurium_tenuiflorum"
"274","Centella_asiatica"
"275","Centella_erecta"
"276","Centranthus_calcitrapa"
"277","Centrosema_pubescens"
"278","Cephalaria_pungens"
"279","Cerastium_arvense"
"280","Cerastium_fontanum"
"281","Cerastium_glomeratum"
"282","Cestrum_parqui"
"283","Cetraria_ericetorum"
"284","Chaerophyllum_tainturieri"
"285","Chaetopogon_fasciculatus"
"286","Chamaecrista_fasciculata"
"287","Chamaecrista_nictitans"
"288","Chamaemelum_fuscatum"
"289","Chenopodium_acuminatum"
"290","Chenopodium_album"
"291","Chenopodium_atrovirens"
"292","Chenopodium_desiccatum"
"293","Chenopodium_glaucum"
"294","Chenopodium_incanum"
"295","Chenopodium_leptophyllum"
"296","Chromolaena_odorata"
"297","Chrysothamnus_viscidiflorus"
"298","Cichorium_intybus"
"299","Cinnagrostis_viridiflavescens"
"300","Cirsium_altissimum"
"301","Cirsium_arvense"
"302","Cirsium_engelmannii"
"303","Cirsium_eriophorum"
"304","Cirsium_horridulum"
"305","Cirsium_japonicum"
"306","Cirsium_palustre"
"307","Cirsium_texanum"
"308","Cirsium_undulatum"
"309","Cirsium_vulgare"
"310","Cissus_trifoliata"
"311","Cladanthus_mixtus"
"312","Cladonia_rangiferina"
"313","Claytonia_perfoliata"
"314","Cleistogenes_squarrosa"
"315","Clematis_hexapetala"
"316","Clematis_vitalba"
"317","Clethra_alnifolia"
"318","Clinopodium_darwinii"
"319","Clinopodium_vulgare"
"320","Clitoria_ternatea"
"321","Cocculus_carolinus"
"322","Coleataenia_anceps"
"323","Coleataenia_longifolia"
"324","Colobanthus_lycopodoides"
"325","Commelina_africana"
"326","Commelina_erecta"
"327","Conium_maculatum"
"328","Conoclinium_coelestinum"
"329","Convolvulus_arvensis"
"330","Convolvulus_equitans"
"331","Convolvulus_remotus"
"332","Conyza_canadensis"
"333","Corchorus_olitorius"
"334","Coreopsis_lanceolata"
"335","Cornus_racemosa"
"336","Cornus_sanguinea"
"337","Coronilla_scorpioides"
"338","Crabbea_hirsuta"
"339","Crataegus_monogyna"
"340","Crepis_atribarba"
"341","Crepis_aurea"
"342","Crepis_biennis"
"343","Crepis_capillaris"
"344","Crepis_paludosa"
"345","Crepis_vesicaria"
"346","Crocanthemum_carolinianum"
"347","Crocanthemum_corymbosum"
"348","Croton_monanthogynus"
"349","Crupina_crupinastrum"
"350","Cryptantha_crassisepala"
"351","Cryptantha_minima"
"352","Cuphea_calophylla"
"353","Cuscuta_epithymum"
"354","Cuscuta_parodiana"
"355","Cymbaria_daurica"
"356","Cymbopogon_caesius"
"357","Cymopterus_glomeratus"
"358","Cymopterus_newberryi"
"359","Cynanchum_chinense"
"360","Cynanchum_racemosum"
"361","Cynodon_dactylon"
"362","Cynoglossum_amabile"
"363","Cynosurus_cristatus"
"364","Cynosurus_echinatus"
"365","Cyperus_croceus"
"366","Cyperus_eragrostis"
"367","Cyperus_esculentus"
"368","Cyperus_retrorsus"
"369","Cyperus_strigosus"
"370","Cytisus_scoparius"
"371","Dactylis_glomerata"
"372","Dactyloctenium_radulans"
"373","Dactylorhiza_incarnata"
"374","Danthonia_decumbens"
"375","Datura_ferox"
"376","Daucus_carota"
"377","Daucus_pusillus"
"378","Delphinium_grandiflorum"
"379","Dendranthema_chanetii"
"380","Deschampsia_flexuosa"
"381","Descurainia_sophia"
"382","Desmanthus_acuminatus"
"383","Desmanthus_illinoensis"
"384","Desmodium_canadense"
"385","Desmodium_glabellum"
"386","Desmodium_illinoense"
"387","Desmodium_lineatum"
"388","Desmodium_paniculatum"
"389","Desmodium_perplexum"
"390","Desmodium_rotundifolium"
"391","Desmodium_subsericeum"
"392","Deverra_tortuosa"
"393","Dianthus_armeria"
"394","Dianthus_carthusianorum"
"395","Dianthus_chinensis"
"396","Dichanthelium_aciculare"
"397","Dichanthelium_acuminatum"
"398","Dichanthelium_glabrifolium"
"399","Dichanthelium_oligosanthes"
"400","Dichanthelium_portoricense"
"401","Dichanthelium_sabulorum"
"402","Dichanthelium_webberianum"
"403","Dichanthelium_xanthophysum"
"404","Dichanthium_sericeum"
"405","Dichelostemma_capitatum"
"406","Dichondra_carolinensis"
"407","Dichondra_sericea"
"408","Dicliptera_squarrosa"
"409","Diervilla_lonicera"
"410","Digitaria_ciliaris"
"411","Digitaria_cognata"
"412","Digitaria_ischaemum"
"413","Digitaria_pubiflora"
"414","Digitaria_setifolia"
"415","Diheteropogon_amplectens"
"416","Diodia_virginiana"
"417","Dipcadi_serotinum"
"418","Dipsacus_laciniatus"
"419","Dissocarpus_biflorus"
"420","Ditaxis_humilis"
"421","Dolichandra_unguis-cati"
"422","Dorycnium_hirsutum"
"423","Dorycnium_pentaphyllum"
"424","Draba_altaica"
"425","Draba_verna"
"426","Drosera_hookeri"
"427","Drymaria_cordata"
"428","Duchesnea_indica"
"429","Dyschoriste_burchellii"
"430","Echinacea_purpurea"
"431","Echinocereus_viridiflorus"
"432","Echinochloa_crus-galli"
"433","Echium_vulgare"
"434","Elaeagnus_umbellata"
"435","Eleocharis_baldwinii"
"436","Eleocharis_vivipara"
"437","Elephantopus_mollis"
"438","Eleusine_indica"
"439","Elymus_canadensis"
"440","Elymus_dahuricus"
"441","Elymus_elymoides"
"442","Elymus_glaucus"
"443","Elymus_repens"
"444","Elymus_scabrus"
"445","Elymus_trachycaulus"
"446","Elymus_virginicus"
"447","Elymus_wawawaiensis"
"448","Enneapogon_avenaceus"
"449","Ephedra_torreyana"
"450","Ephedra_viridis"
"451","Epilobium_angustifolium"
"452","Epilobium_ciliatum"
"453","Epilobium_palustre"
"454","Epilobium_parviflorum"
"455","Epilobium_tetragonum"
"456","Epipactis_palustris"
"457","Equisetum_arvense"
"458","Equisetum_palustre"
"459","Equisetum_variegatum"
"460","Eragrostis_brownii"
"461","Eragrostis_capensis"
"462","Eragrostis_curvula"
"463","Eragrostis_intermedia"
"464","Eragrostis_lehmanniana"
"465","Eragrostis_plana"
"466","Erechtites_hieraciifolia"
"467","Erechtites_hieraciifolius"
"468","Eremopyrum_triticeum"
"469","Ericameria_nauseosa"
"470","Erigeron_annuus"
"471","Erigeron_bonariensis"
"472","Erigeron_canadensis"
"473","Erigeron_floribundus"
"474","Erigeron_patagonicus"
"475","Erigeron_strigosus"
"476","Eriochloa_sericea"
"477","Eriochloa_villosa"
"478","Eriogonum_brevicaule"
"479","Eriosema_cordatum"
"480","Erodium_botrys"
"481","Erodium_ciconium"
"482","Erodium_cicutarium"
"483","Erodium_moschatum"
"484","Erodium_texanum"
"485","Erophila_verna"
"486","Erucaria_pinnata"
"487","Eryngium_campestre"
"488","Eryngium_horridum"
"489","Erysimum_capitatum"
"490","Erysimum_cheiranthoides"
"491","Eupatorium_album"
"492","Eupatorium_altissimum"
"493","Eupatorium_capillifolium"
"494","Eupatorium_compositifolium"
"495","Eupatorium_hyssopifolium"
"496","Eupatorium_mohrii"
"497","Eupatorium_semiserratum"
"498","Eupatorium_serotinum"
"499","Euphorbia_bombensis"
"500","Euphorbia_cyparissias"
"501","Euphorbia_dentata"
"502","Euphorbia_esula"
"503","Euphorbia_maculata"
"504","Euphorbia_nicaeensis"
"505","Euphorbia_nutans"
"506","Euphorbia_paralias"
"507","Euphorbia_peplus"
"508","Euphorbia_prostrata"
"509","Euphorbia_serpens"
"510","Euphorbia_stevenii"
"511","Euphrasia_minima"
"512","Euphrasia_pectinata"
"513","Eurybia_macrophylla"
"514","Eurybia_sibirica"
"515","Eustoma_exaltatum"
"516","Euthamia_caroliniana"
"517","Euthamia_graminifolia"
"518","Evolvulus_sericeus"
"519","Falcaria_vulgaris"
"520","Fallopia_convolvulus"
"521","Festuca_arundinacea"
"522","Festuca_idahoensis"
"523","Festuca_myuros"
"524","Festuca_novae-zealandiae"
"525","Festuca_occidentalis"
"526","Festuca_ovina"
"527","Festuca_pratensis"
"528","Festuca_pyrogea"
"529","Festuca_rubra"
"530","Festuca_rupicola"
"531","Ficaria_verna"
"532","Filipendula_ulmaria"
"533","Fragaria_ananassa"
"534","Fragaria_orientalis"
"535","Fragaria_vesca"
"536","Fragaria_virginiana"
"537","Fraxinus_excelsior"
"538","Fuirena_scirpoidea"
"539","Fumaria_officinalis"
"540","Fumaria_vaillantii"
"541","Gaillardia_pinnatifida"
"542","Gaillardia_pulchella"
"543","Galactia_elliottii"
"544","Galinsoga_quadriradiata"
"545","Galium_album"
"546","Galium_anisophyllon"
"547","Galium_aparine"
"548","Galium_boreale"
"549","Galium_hypocarpium"
"550","Galium_mollugo"
"551","Galium_palustre"
"552","Galium_pilosum"
"553","Galium_pumilum"
"554","Galium_richardianum"
"555","Galium_texense"
"556","Galium_verum"
"557","Galium_virgatum"
"558","Gamochaeta_coarctata"
"559","Gamochaeta_purpurea"
"560","Gaylussacia_dumosa"
"561","Gaylussacia_frondosa"
"562","Gelsemium_sempervirens"
"563","Genista_sagittalis"
"564","Gentiana_autumnalis"
"565","Gentiana_cruciata"
"566","Gentiana_macrophylla"
"567","Gentiana_squarrosa"
"568","Geocaulon_lividum"
"569","Geranium_bicknellii"
"570","Geranium_brevicaule"
"571","Geranium_carolinianum"
"572","Geranium_columbinum"
"573","Geranium_dissectum"
"574","Geranium_molle"
"575","Geranium_pratense"
"576","Geranium_pusillum"
"577","Geranium_wilfordii"
"578","Geranium_wlassovianum"
"579","Gerbera_ambigua"
"580","Geum_aleppicum"
"581","Geum_canadense"
"582","Geum_montanum"
"583","Geum_urbanum"
"584","Glandularia_bipinnatifida"
"585","Glechoma_hederacea"
"586","Globularia_vulgaris"
"587","Gnephosis_arachnoidea"
"588","Gonocarpus_aggregatus"
"589","Graderia_scabra"
"590","Grindelia_squarrosa"
"591","Gueldenstaedtia_verna"
"592","Gutierrezia_sarothrae"
"593","Gutierrezia_texana"
"594","Halenia_corniculata"
"595","Hedeoma_acinoides"
"596","Hedera_helix"
"597","Hedypnois_rhagadioloides"
"598","Heimia_salicifolia"
"599","Helianthemum_apenninum"
"600","Helianthemum_marifolium"
"601","Helianthemum_nummularium"
"602","Helianthus_annuus"
"603","Helianthus_hirsutus"
"604","Helianthus_maximiliani"
"605","Helianthus_mollis"
"606","Helianthus_simulans"
"607","Helichrysum_miconiifolium"
"608","Helichrysum_nudifolium"
"609","Helictotrichon_bromoides"
"610","Helictotrichon_hookeri"
"611","Helictotrichon_pubescens"
"612","Heliopsis_helianthoides"
"613","Heliotropium_europaeum"
"614","Helleborus_niger"
"615","Herbertia_lahue"
"616","Heteropappus_altaicus"
"617","Heteropogon_contortus"
"618","Heterotheca_subaxillaris"
"619","Hibiscus_aethiopicus"
"620","Hieracium_pilosella"
"621","Hieracium_umbellatum"
"622","Hilaria_belangeri"
"623","Hilaria_jamesii"
"624","Hilliardiella_aristata"
"625","Hippocrepis_fruticescens"
"626","Hippocrepis_unisiliquosa"
"627","Hirschfeldia_incana"
"628","Holcus_lanatus"
"629","Holosteum_umbellatum"
"630","Hordeum_marinum"
"631","Hordeum_murinum"
"632","Hyacinthoides_non-scripta"
"633","Hydrocotyle_bonariensis"
"634","Hydrocotyle_umbellata"
"635","Hydrocotyle_vulgaris"
"636","Hymenopappus_filifolius"
"637","Hyparrhenia_dregeana"
"638","Hyparrhenia_hirta"
"639","Hypericum_edisonianum"
"640","Hypericum_gentianoides"
"641","Hypericum_gramineum"
"642","Hypericum_hirsutum"
"643","Hypericum_humifusum"
"644","Hypericum_hypericoides"
"645","Hypericum_mutilum"
"646","Hypericum_perforatum"
"647","Hypericum_reductum"
"648","Hypericum_stragulum"
"649","Hypericum_tetrapterum"
"650","Hypochaeris_glabra"
"651","Hypochaeris_incana"
"652","Hypochaeris_radicata"
"653","Hypoxis_argentea"
"654","Hypoxis_filiformis"
"655","Ibervillea_lindheimeri"
"656","Ilex_glabra"
"657","Indigofera_hilaris"
"658","Ipomoea_dumetorum"
"659","Ipomoea_imperati"
"660","Ipomoea_lacunosa"
"661","Ipomoea_pellita"
"662","Ipomoea_purpurea"
"663","Ipomopsis_gunnisonii"
"664","Ipomopsis_laxiflora"
"665","Iris_dichotoma"
"666","Iris_tectorum"
"667","Iris_ventricosa"
"668","Isatis_tinctoria"
"669","Iva_imbricata"
"670","Ixeris_polycephala"
"671","Jacobaea_erucifolia"
"672","Jacobaea_vulgaris"
"673","Juglans_regia"
"674","Juncus_articulatus"
"675","Juncus_brachycarpus"
"676","Juncus_bufonius"
"677","Juncus_bulbosus"
"678","Juncus_dichotomus"
"679","Juncus_effusus"
"680","Juncus_interior"
"681","Juncus_marginatus"
"682","Juncus_tenuis"
"683","Junellia_odonellii"
"684","Juniperus_virginiana"
"685","Kalimeris_altaica"
"686","Kallstroemia_tribuloides"
"687","Kindbergia_praelonga"
"688","Knautia_arvensis"
"689","Koeleria_macrantha"
"690","Koeleria_micrathera"
"691","Koeleria_vallesiana"
"692","Kohautia_amatymbica"
"693","Krascheninnikovia_ceratoides"
"694","Krigia_virginica"
"695","Kummerowia_stipulacea"
"696","Kyllinga_odorata"
"697","Lactuca_serriola"
"698","Lactuca_sibirica"
"699","Lagophylla_ramosissima"
"700","Lamium_album"
"701","Lamium_amplexicaule"
"702","Lamium_purpureum"
"703","Lantana_camara"
"704","Laphangium_luteoalbum"
"705","Lappula_myosotis"
"706","Lappula_redowskii"
"707","Larix_decidua"
"708","Lathyrus_nervosus"
"709","Lathyrus_pratensis"
"710","Lechea_mucronata"
"711","Leersia_hexandra"
"712","Leontodon_longirostris"
"713","Leontodon_maroccanus"
"714","Leontodon_saxatilis"
"715","Leontopodium_leontopodioides"
"716","Lepidium_campestre"
"717","Lepidium_densiflorum"
"718","Lepidium_montanum"
"719","Lepidium_virginicum"
"720","Leptochloa_crinita"
"721","Leucanthemum_ircutianum"
"722","Leucanthemum_vulgare"
"723","Leucheria_purpurea"
"724","Leucocrinum_montanum"
"725","Leucopogon_fraseri"
"726","Leymus_chinensis"
"727","Liatris_cokeri"
"728","Liatris_gracilis"
"729","Liatris_tenuifolia"
"730","Lichtensteinia_kolbeana"
"731","Ligustrum_sinense"
"732","Lilium_pumilum"
"733","Linaria_albifrons"
"734","Linaria_joppensis"
"735","Linaria_vulgaris"
"736","Linum_catharticum"
"737","Linum_lewisii"
"738","Linum_narbonense"
"739","Linum_sulcatum"
"740","Linum_usitatissimum"
"741","Liquidambar_styraciflua"
"742","Lobelia_nuttallii"
"743","Logfia_gallica"
"744","Lolium_arundinaceum"
"745","Lolium_multiflorum"
"746","Lolium_perenne"
"747","Lolium_pratense"
"748","Lolium_rigidum"
"749","Lomatium_triternatum"
"750","Lonicera_japonica"
"751","Lotus_alpinus"
"752","Lotus_corniculatus"
"753","Lotus_pedunculatus"
"754","Ludwigia_alternifolia"
"755","Ludwigia_maritima"
"756","Ludwigia_palustris"
"757","Ludwigia_virgata"
"758","Lupinus_diffusus"
"759","Lupinus_leucophyllus"
"760","Luzula_campestris"
"761","Luzula_chilensis"
"762","Luzula_multiflora"
"763","Lycium_chilense"
"764","Lygodesmia_texana"
"765","Lygodium_japonicum"
"766","Lyonia_fruticosa"
"767","Lyonia_lucida"
"768","Lyonia_mariana"
"769","Lysimachia_arvensis"
"770","Lysimachia_nemorum"
"771","Lysimachia_nummularia"
"772","Lysimachia_tenella"
"773","Lysiphyllum_binatum"
"774","Lythrum_alatum"
"775","Lythrum_junceum"
"776","Lythrum_thymifolia"
"777","Machaeranthera_canescens"
"778","Madia_gracilis"
"779","Maireana_coronata"
"780","Malva_moschata"
"781","Malvastrum_americanum"
"782","Malvastrum_coromandelianum"
"783","Matelea_reticulata"
"784","Medicago_littoralis"
"785","Medicago_lupulina"
"786","Medicago_minima"
"787","Medicago_polymorpha"
"788","Medicago_ruthenica"
"789","Medicago_sativa"
"790","Melampyrum_pratense"
"791","Melia_azedarach"
"792","Melilotus_albus"
"793","Melilotus_elegans"
"794","Melilotus_officinalis"
"795","Melilotus_sulcatus"
"796","Melinis_nerviglumis"
"797","Mentha_aquatica"
"798","Microlaena_stipoides"
"799","Microtis_unifolia"
"800","Mikania_scandens"
"801","Mimosa_quadrivalvis"
"802","Mirabilis_albida"
"803","Mirabilis_linearis"
"804","Modiolastrum_malvifolium"
"805","Mollugo_verticillata"
"806","Monarda_citriodora"
"807","Monarda_fistulosa"
"808","Moraea_sisyrinchium"
"809","Morella_cerifera"
"810","Morus_alba"
"811","Muehlenbeckia_axillaris"
"812","Muhlenbergia_schreberi"
"813","Myosotis_arvensis"
"814","Myosotis_discolor"
"815","Myosotis_ramosissima"
"816","Myosotis_stricta"
"817","Narcissus_obsoletus"
"818","Nardophyllum_bryoides"
"819","Nardus_stricta"
"820","Nassauvia_aculeata"
"821","Nassella_leucotricha"
"822","Nassella_neesiana"
"823","Nepeta_cataria"
"824","Nepeta_multifida"
"825","Nothoscordum_bivalve"
"826","Nuttallanthus_canadensis"
"827","Ocimum_obovatum"
"828","Odontites_vernus"
"829","Odontites_vulgaris"
"830","Oenothera_albicaulis"
"831","Oenothera_biennis"
"832","Oenothera_pallida"
"833","Oenothera_patriciae"
"834","Oenothera_rosea"
"835","Oenothera_sinuosa"
"836","Oenothera_villosa"
"837","Oldenlandia_boscii"
"838","Oldenlandia_uniflora"
"839","Onobrychis_argentea"
"840","Onobrychis_squarrosa"
"841","Onobrychis_viciifolia"
"842","Ononis_reclinata"
"843","Onopordum_acanthium"
"844","Opuntia_macrorhiza"
"845","Opuntia_polyacantha"
"846","Origanum_vulgare"
"847","Orobanche_minor"
"848","Orostachys_fimbriata"
"849","Oryzopsis_hymenoides"
"850","Osteocarpum_acropterum"
"851","Other_ant_nest"
"852","Oxalis_corniculata"
"853","Oxalis_dillenii"
"854","Oxalis_drummondii"
"855","Oxalis_enneaphylla"
"856","Oxalis_exilis"
"857","Oxalis_stricta"
"858","Oxybasis_glauca"
"859","Oxypetalum_solanoides"
"860","Oxytropis_ochrantha"
"861","Packera_anonyma"
"862","Packera_glabella"
"863","Packera_plattensis"
"864","Panicum_acuminatum"
"865","Panicum_aequinerve"
"866","Panicum_amarum"
"867","Panicum_anceps"
"868","Panicum_capillare"
"869","Panicum_clandestinum"
"870","Panicum_commutatum"
"871","Panicum_dichotomiflorum"
"872","Panicum_diffusum"
"873","Panicum_effusum"
"874","Panicum_hallii"
"875","Panicum_maximum"
"876","Panicum_oligosanthes"
"877","Panicum_virgatum"
"878","Papaver_rhoeas"
"879","Parapholis_incurva"
"880","Parentucellia_viscosa"
"881","Parietaria_pensylvanica"
"882","Parnassia_palustris"
"883","Parthenocissus_quinquefolia"
"884","Pascopyrum_smithii"
"885","Passiflora_incarnata"
"886","Pastinaca_sativa"
"887","Patrinia_scabiosifolia"
"888","Pedicularis_sylvatica"
"889","Pelargonium_alchemilloides"
"890","Pelargonium_luridum"
"891","Pelecyphora_vivipara"
"892","Penstemon_albidus"
"893","Pentanisia_angustifolia"
"894","Perezia_recurvata"
"895","Persicaria_arifolia"
"896","Persicaria_bistorta"
"897","Persicaria_lapathifolia"
"898","Persicaria_longiseta"
"899","Persicaria_punctata"
"900","Phalaris_arundinacea"
"901","Phleum_alpinum"
"902","Phleum_pratense"
"903","Phlox_longifolia"
"904","Phragmites_australis"
"905","Phyla_nodiflora"
"906","Phyllanthus_polygonoides"
"907","Phyllanthus_urinaria"
"908","Physalis_cinerascens"
"909","Physalis_heterophylla"
"910","Physalis_mollis"
"911","Physalis_peruviana"
"912","Physalis_pumila"
"913","Physalis_virginiana"
"914","Physaria_gracilis"
"915","Phyteuma_orbiculare"
"916","Phytolacca_americana"
"917","Picradeniopsis_oppositifolia"
"918","Picris_altissima"
"919","Picris_hieracioides"
"920","Pilosella_aurantiaca"
"921","Pilosella_officinarum"
"922","Pilosella_piloselloides"
"923","Pimpinella_saxifraga"
"924","Pinus_palustris"
"925","Pinus_taeda"
"926","Piptochaetium_bicolor"
"927","Pityopsis_graminifolia"
"928","Plagiobothrys_nothofulvus"
"929","Plantago_afra"
"930","Plantago_albicans"
"931","Plantago_asiatica"
"932","Plantago_coronopus"
"933","Plantago_depressa"
"934","Plantago_drummondii"
"935","Plantago_lanceolata"
"936","Plantago_major"
"937","Plantago_media"
"938","Plantago_patagonica"
"939","Plantago_rugelii"
"940","Poa_alpina"
"941","Poa_annua"
"942","Poa_bulbosa"
"943","Poa_colensoi"
"944","Poa_compressa"
"945","Poa_pratensis"
"946","Poa_secunda"
"947","Poa_supina"
"948","Poa_trivialis"
"949","Polemonium_caeruleum"
"950","Polygala_amatymbica"
"951","Polygala_confusa"
"952","Polygala_darwiniana"
"953","Polygala_hottentotta"
"954","Polygala_rugelii"
"955","Polygala_vulgaris"
"956","Polygonum_aviculare"
"957","Polygonum_convolvulus"
"958","Polygonum_perfoliatum"
"959","Polygonum_tenue"
"960","Polygonum_viviparum"
"961","Polypogon_maritimus"
"962","Polypremum_procumbens"
"963","Polytaenia_nuttallii"
"964","Portulaca_oleracea"
"965","Portulaca_pilosa"
"966","Potentilla_acaulis"
"967","Potentilla_argentea"
"968","Potentilla_aurea"
"969","Potentilla_erecta"
"970","Potentilla_fragarioides"
"971","Potentilla_grandiflora"
"972","Potentilla_longifolia"
"973","Potentilla_mixta"
"974","Potentilla_neumanniana"
"975","Potentilla_recta"
"976","Potentilla_reptans"
"977","Potentilla_simplex"
"978","Potentilla_tanacetifolia"
"979","Potentilla_verticillaris"
"980","Prasophyllum_colensoi"
"981","Primula_elatior"
"982","Primula_veris"
"983","Prosopis_glandulosa"
"984","Prunella_grandiflora"
"985","Prunella_vulgaris"
"986","Prunus_domestica"
"987","Prunus_serotina"
"988","Prunus_virginiana"
"989","Pseudognaphalium_macounii"
"990","Pseudognaphalium_obtusifolium"
"991","Pseudoscleropodium_purum"
"992","Psoralidium_tenuiflorum"
"993","Pteridium_aquilinum"
"994","Pterocaulon_pycnostachyum"
"995","Puccinellia_tenuiflora"
"996","Pulicaria_dysenterica"
"997","Pulsatilla_turczaninovii"
"998","Pyrrhanthera_exigua"
"999","Pyrus_calleryana"
"1000","Quercus_alba"
"1001","Quercus_minima"
"1002","Quercus_petraea"
"1003","Quercus_robur"
"1004","Quercus_rubra"
"1005","Quercus_stellata"
"1006","Quercus_virginiana"
"1007","Racomitrium_lanuginosum"
"1008","Ranunculus_acris"
"1009","Ranunculus_arvensis"
"1010","Ranunculus_bulbosus"
"1011","Ranunculus_flammula"
"1012","Ranunculus_japonicus"
"1013","Ranunculus_montanus"
"1014","Ranunculus_muricatus"
"1015","Ranunculus_repens"
"1016","Ratibida_columnifera"
"1017","Ratibida_pinnata"
"1018","Rhamnus_cathartica"
"1019","Rhamnus_davurica"
"1020","Rhexia_alifanus"
"1021","Rhexia_cubensis"
"1022","Rhexia_mariana"
"1023","Rhinanthus_alectorolophus"
"1024","Rhinanthus_minor"
"1025","Rhodanthe_floribunda"
"1026","Rhus_copallinum"
"1027","Rhynchosia_cooperi"
"1028","Rhynchosia_minima"
"1029","Rhynchosia_totta"
"1030","Rhytidiadelphus_squarrosus"
"1031","Romulea_rosea"
"1032","Rosa_arvensis"
"1033","Rosa_canina"
"1034","Rosa_multiflora"
"1035","Rubia_peregrina"
"1036","Rubus_allegheniensis"
"1037","Rubus_argutus"
"1038","Rubus_caesius"
"1039","Rubus_flagellaris"
"1040","Rubus_fruticosus"
"1041","Rubus_idaeus"
"1042","Rubus_occidentalis"
"1043","Rubus_trivialis"
"1044","Rudbeckia_hirta"
"1045","Ruellia_baurii"
"1046","Ruellia_humilis"
"1047","Ruellia_nudiflora"
"1048","Rumex_acetosa"
"1049","Rumex_acetosella"
"1050","Rumex_bucephalophorus"
"1051","Rumex_conglomeratus"
"1052","Rumex_obtusifolius"
"1053","Sabal_palmetto"
"1054","Sabatia_grandiflora"
"1055","Salix_babylonica"
"1056","Salix_caprea"
"1057","Salix_repens"
"1058","Salsola_collina"
"1059","Salsola_iberica"
"1060","Salsola_kali"
"1061","Salsola_soda"
"1062","Salvia_azurea"
"1063","Sambucus_nigra"
"1064","Sanguisorba_minor"
"1065","Sanguisorba_officinalis"
"1066","Sanicula_bipinnatifida"
"1067","Saposhnikovia_divaricata"
"1068","Saussurea_amara"
"1069","Saussurea_iodostegia"
"1070","Saussurea_japonica"
"1071","Saussurea_pectinata"
"1072","Scabiosa_columbaria"
"1073","Scabiosa_comosa"
"1074","Scabiosa_lucida"
"1075","Scandix_pecten-veneris"
"1076","Schizachyrium_rhizomatum"
"1077","Schizachyrium_scoparium"
"1078","Scirpus_pendulus"
"1079","Scleria_pauciflora"
"1080","Scleria_reticularis"
"1081","Sclerolaena_brachyptera"
"1082","Sclerolaena_diacantha"
"1083","Sclerolaena_ventricosa"
"1084","Scoparia_dulcis"
"1085","Scorzonera_austriaca"
"1086","Scorzonera_divaricata"
"1087","Scorzonera_laciniata"
"1088","Scorzoneroides_autumnalis"
"1089","Scorzoneroides_laciniata"
"1090","Scutellaria_breviflora"
"1091","Scutellaria_drummondii"
"1092","Scutellaria_scordifolia"
"1093","Sebaea_sedoides"
"1094","Secale_cereale"
"1095","Securigera_varia"
"1096","Senecio_bupleuroides"
"1097","Senecio_coronatus"
"1098","Senecio_glaucus"
"1099","Senecio_jacobaea"
"1100","Senecio_laseguei"
"1101","Senecio_madagascariensis"
"1102","Senecio_miser"
"1103","Senecio_retrorsus"
"1104","Senecio_vernalis"
"1105","Senecio_vulgaris"
"1106","Senna_lindheimeriana"
"1107","Senna_obtusifolia"
"1108","Serenoa_repens"
"1109","Serjania_foveata"
"1110","Serratula_centauroides"
"1111","Setaria_faberi"
"1112","Setaria_nigrirostris"
"1113","Setaria_parviflora"
"1114","Setaria_pumila"
"1115","Setaria_viridis"
"1116","Sherardia_arvensis"
"1117","Sibbaldia_adpressa"
"1118","Sibbaldianthe_bifurca"
"1119","Sida_abutifolia"
"1120","Sida_acuta"
"1121","Sida_dregei"
"1122","Sida_rhombifolia"
"1123","Sideroxylon_lanuginosum"
"1124","Silene_antirrhina"
"1125","Silene_colorata"
"1126","Silene_flos-cuculi"
"1127","Silene_latifolia"
"1128","Silene_repens"
"1129","Silene_samojedorum"
"1130","Silene_vulgaris"
"1131","Silphium_integrifolium"
"1132","Silphium_laciniatum"
"1133","Silphium_perfoliatum"
"1134","Sisymbrium_altissimum"
"1135","Sisymbrium_officinale"
"1136","Sisyrinchium_bellum"
"1137","Smilax_bona-nox"
"1138","Smilax_glauca"
"1139","Solanum_aethiopicum"
"1140","Solanum_americanum"
"1141","Solanum_bonariense"
"1142","Solanum_campylacanthum"
"1143","Solanum_caripense"
"1144","Solanum_carolinense"
"1145","Solanum_dimidiatum"
"1146","Solanum_elaeagnifolium"
"1147","Solanum_mauritianum"
"1148","Solanum_panduriforme"
"1149","Solanum_ptychanthum"
"1150","Solanum_rostratum"
"1151","Solanum_triflorum"
"1152","Solanum_viarum"
"1153","Soldanella_alpina"
"1154","Solidago_altissima"
"1155","Solidago_canadensis"
"1156","Solidago_gigantea"
"1157","Solidago_juncea"
"1158","Solidago_mexicana"
"1159","Solidago_missouriensis"
"1160","Solidago_nemoralis"
"1161","Solidago_rigida"
"1162","Solidago_rugosa"
"1163","Solidago_virgaurea"
"1164","Sonchus_arvensis"
"1165","Sonchus_oleraceus"
"1166","Sonchus_palustris"
"1167","Sonchus_tenerrimus"
"1168","Sonchus_wightianus"
"1169","Sorghastrum_nutans"
"1170","Sorghum_halepense"
"1171","Spartina_alterniflora"
"1172","Spartina_patens"
"1173","Spergula_fallax"
"1174","Spergularia_rubra"
"1175","Spermacoce_dasycephala"
"1176","Spermacoce_natalensis"
"1177","Sphaeralcea_coccinea"
"1178","Sphaeralcea_miniata"
"1179","Sphaeralcea_parvifolia"
"1180","Spiraea_betulifolia"
"1181","Sporobolus_compositus"
"1182","Sporobolus_pinetorum"
"1183","Stachys_agraria"
"1184","Stachys_officinalis"
"1185","Steinchisma_hians"
"1186","Stellaria_graminea"
"1187","Stellaria_media"
"1188","Stellaria_palustris"
"1189","Stellera_chamaejasme"
"1190","Stenaria_nigricans"
"1191","Stenotaphrum_secundatum"
"1192","Stephanomeria_exigua"
"1193","Stevia_grisebachiana"
"1194","Stipa_capensis"
"1195","Stipa_capillata"
"1196","Stipa_comata"
"1197","Stipa_pulchra"
"1198","Stipa_sibirica"
"1199","Stipa_tianschanica"
"1200","Stipulicida_setacea"
"1201","Strophostyles_helvola"
"1202","Strophostyles_umbellata"
"1203","Stylochaeton_natalensis"
"1204","Stylosanthes_hamata"
"1205","Styphelia_nescophila"
"1206","Symphoricarpos_orbiculatus"
"1207","Symphyotrichum_ciliolatum"
"1208","Symphyotrichum_dumosum"
"1209","Symphyotrichum_ericoides"
"1210","Symphyotrichum_laeve"
"1211","Symphyotrichum_novae-angliae"
"1212","Symphyotrichum_pilosum"
"1213","Symphyotrichum_praealtum"
"1214","Symphyotrichum_racemosum"
"1215","Taeniatherum_caput-medusae"
"1216","Tagetes_minuta"
"1217","Tagetes_terniflora"
"1218","Takhtajaniantha_austriaca"
"1219","Takhtajaniantha_pusilla"
"1220","Tanacetum_corymbosum"
"1221","Tanacetum_vulgare"
"1222","Taraxacum_campylodes"
"1223","Taraxacum_mongolicum"
"1224","Taraxacum_officinale"
"1225","Taraxacum_vulgaria"
"1226","Tephroseris_kirilowii"
"1227","Teucrium_chamaedrys"
"1228","Thalictrum_aquilegiifolium"
"1229","Thalictrum_foetidum"
"1230","Thalictrum_petaloideum"
"1231","Thalictrum_simplex"
"1232","Thalictrum_squarrosum"
"1233","Themeda_triandra"
"1234","Thermopsis_lanceolata"
"1235","Thesium_longifolium"
"1236","Thunbergia_atriplicifolia"
"1237","Thymus_serpyllum"
"1238","Thymus_vulgaris"
"1239","Tilia_cordata"
"1240","Tilia_platyphyllos"
"1241","Torilis_arvensis"
"1242","Torilis_nodosa"
"1243","Tournefortia_sibirica"
"1244","Toxicodendron_radicans"
"1245","Toxicoscordion_venenosum"
"1246","Tragia_meyeriana"
"1247","Tragia_urens"
"1248","Tragia_volubilis"
"1249","Tragopogon_dubius"
"1250","Tragopogon_orientalis"
"1251","Tragopogon_pratensis"
"1252","Tragus_berteronianus"
"1253","Trepocarpus_aethusae"
"1254","Tribulus_terrestris"
"1255","Tridax_procumbens"
"1256","Tridens_flavus"
"1257","Trifolium_arvense"
"1258","Trifolium_badium"
"1259","Trifolium_campestre"
"1260","Trifolium_dubium"
"1261","Trifolium_glomeratum"
"1262","Trifolium_gracilentum"
"1263","Trifolium_hirtum"
"1264","Trifolium_hybridum"
"1265","Trifolium_lupinaster"
"1266","Trifolium_pratense"
"1267","Trifolium_repens"
"1268","Trifolium_resupinatum"
"1269","Trifolium_stellatum"
"1270","Trigonella_arabica"
"1271","Trigonella_stellata"
"1272","Triodanis_perfoliata"
"1273","Tripogon_loliiformis"
"1274","Tripolium_pannonicum"
"1275","Tripsacum_dactyloides"
"1276","Trisetum_flavescens"
"1277","Tristachya_leucothrix"
"1278","Triteleia_grandiflora"
"1279","Triteleia_laxa"
"1280","Trollius_chinensis"
"1281","Turritis_glabra"
"1282","Ulmus_americana"
"1283","Ulmus_crassifolia"
"1284","Ulmus_pumila"
"1285","Urtica_dioica"
"1286","Vaccinium_angustifolium"
"1287","Vaccinium_crassifolium"
"1288","Vaccinium_tenellum"
"1289","Valeriana_calcitrapae"
"1290","Valeriana_officinalis"
"1291","Valerianella_carinata"
"1292","Valerianella_locusta"
"1293","Veratrum_nigrum"
"1294","Verbascum_blattaria"
"1295","Verbascum_thapsus"
"1296","Verbena_brasiliensis"
"1297","Verbena_canescens"
"1298","Verbena_halei"
"1299","Verbena_hastata"
"1300","Verbena_mendocina"
"1301","Verbena_stricta"
"1302","Verbena_urticifolia"
"1303","Verbesina_occidentalis"
"1304","Vernonia_altissima"
"1305","Vernonia_baldwinii"
"1306","Vernonia_gigantea"
"1307","Veronica_agrestis"
"1308","Veronica_arvensis"
"1309","Veronica_chamaedrys"
"1310","Veronica_filiformis"
"1311","Veronica_hederifolia"
"1312","Veronica_linariifolia"
"1313","Veronica_officinalis"
"1314","Veronica_persica"
"1315","Veronica_polita"
"1316","Veronica_serpyllifolia"
"1317","Viburnum_opulus"
"1318","Vicia_amoena"
"1319","Vicia_cracca"
"1320","Vicia_hirsuta"
"1321","Vicia_lathyroides"
"1322","Vicia_ludoviciana"
"1323","Vicia_sativa"
"1324","Vicia_sepium"
"1325","Vicia_setifolia"
"1326","Vicia_unijuga"
"1327","Vicia_villosa"
"1328","Vincetoxicum_nigrum"
"1329","Viola_arcuata"
"1330","Viola_arvensis"
"1331","Viola_dissecta"
"1332","Viola_hirta"
"1333","Vitis_rotundifolia"
"1334","Vittadinia_cuneata"
"1335","Vittadinia_eremaea"
"1336","Vulpia_bromoides"
"1337","Vulpia_geniculata"
"1338","Vulpia_muralis"
"1339","Vulpia_myuros"
"1340","Vulpia_octoflora"
"1341","Wahlenbergia_krebsii"
"1342","Wahlenbergia_marginata"
"1343","Wahlenbergia_stricta"
"1344","Waltheria_indica"
"1345","Zephyranthes_chlorosolen"
"1346","Zephyranthes_drummondii"
